benchmark,level,parallel,region,parent,seconds,percent_total,percent_parent,parent_level,depth
BT,parallel,add:47,add:47,iteration total,0.013307141,2.451316548525618,2.451316548525618,total,0
BT,for,add:47,add:47,add:47,0.013307141,2.451316548525618,100.0,parallel,1
BT,parallel,compute_rhs:45,compute_rhs:45,iteration total,0.107457475,19.794806918351423,19.794806918351423,total,0
BT,for,compute_rhs:45,compute_rhs:53-76 (nowait),compute_rhs:45,0.007899493,1.4551704168357638,7.351273608466978,parallel,1
BT,for,compute_rhs:45,compute_rhs:78,compute_rhs:45,0.016785725,3.0921086258498485,15.620807207688438,parallel,1
BT,for,compute_rhs:45,compute_rhs:96-207 (nowait),compute_rhs:45,0.014575908,2.685036890357361,13.564349990542771,parallel,1
BT,for,compute_rhs:45,compute_rhs:209,compute_rhs:45,0.016490223,3.0376740224498833,15.345812843638845,parallel,1
BT,for,compute_rhs:45,compute_rhs:321,compute_rhs:45,0.025896107,4.770337642885884,24.09893495077937,parallel,1
BT,for,compute_rhs:45,compute_rhs:380-430 (nowait),compute_rhs:45,0.01137983,2.096285415357685,10.590077609770749,parallel,1
BT,for,compute_rhs:45,compute_rhs:432,compute_rhs:45,0.00635877,1.171352894605103,5.917475727025971,parallel,1
BT,for,compute_rhs:45,compute_rhs:447-457 (nowait),compute_rhs:45,0.005260357,0.9690135668700417,4.8952918352120225,parallel,1
BT,parallel,x_solve:72,x_solve:72,iteration total,0.119209548,21.95966344345934,21.95966344345934,total,0
BT,for,x_solve:72,x_solve:72,x_solve:72,0.119209548,21.95966344345934,100.0,parallel,1
BT,parallel,y_solve:71,y_solve:71,iteration total,0.140515145,25.88438044332564,25.88438044332564,total,0
BT,for,y_solve:71,y_solve:71,y_solve:71,0.140515145,25.88438044332564,100.0,parallel,1
BT,parallel,z_solve:71,z_solve:71,iteration total,0.162351944,29.90695048714855,29.90695048714855,total,0
BT,for,z_solve:71,z_solve:71,z_solve:71,0.162351944,29.90695048714855,100.00000000000001,parallel,1
SP,parallel,add:46,add:46,iteration total,0.006742645,3.361765337322526,3.361765337322526,total,0
SP,for,add:46,add:46,add:46,0.006742645,3.361765337322526,100.0,parallel,1
SP,parallel,ninvr:47,ninvr:47,iteration total,0.004580416,2.283715624850114,2.283715624850114,total,0
SP,for,ninvr:47,ninvr:47,ninvr:47,0.004580416,2.283715624850114,100.0,parallel,1
SP,parallel,pinvr:47,pinvr:47,iteration total,0.004267307,2.1276049319389907,2.1276049319389907,total,0
SP,for,pinvr:47,pinvr:47,pinvr:47,0.004267307,2.1276049319389907,100.0,parallel,1
SP,parallel,compute_rhs:45,compute_rhs:45,iteration total,0.079298768,39.53698430731274,39.53698430731274,total,0
SP,for,compute_rhs:45,compute_rhs:53-81 (nowait),compute_rhs:45,0.009518808,4.745911847209568,12.003727472789992,parallel,1
SP,for,compute_rhs:45,compute_rhs:83,compute_rhs:45,0.006285944,3.1340621746437054,7.926912559347706,parallel,1
SP,for,compute_rhs:45,compute_rhs:101-195 (nowait),compute_rhs:45,0.014650503,7.304485577950445,18.475070129715004,parallel,1
SP,for,compute_rhs:45,compute_rhs:197,compute_rhs:45,0.013103404,6.533128967657846,16.52409530498633,parallel,1
SP,for,compute_rhs:45,compute_rhs:297,compute_rhs:45,0.018311177,9.129633863888353,23.091376400702718,parallel,1
SP,for,compute_rhs:45,compute_rhs:345-394 (nowait),compute_rhs:45,0.010584612,5.277303154861046,13.347763486060716,parallel,1
SP,for,compute_rhs:45,compute_rhs:396,compute_rhs:45,0.002585945,1.289307128763638,3.2610153539838094,parallel,1
SP,for,compute_rhs:45,compute_rhs:410-420 (nowait),compute_rhs:45,0.004025032,2.006810837470156,5.075781252995001,parallel,1
SP,parallel,txinvr:47,txinvr:47,iteration total,0.007607743,3.793088129755917,3.793088129755917,total,0
SP,for,txinvr:47,txinvr:47,txinvr:47,0.007607743,3.793088129755917,100.0,parallel,1
SP,parallel,tzetar:48,tzetar:48,iteration total,0.009983587,4.977642559966272,4.977642559966272,total,0
SP,for,tzetar:48,tzetar:48,tzetar:48,0.009983587,4.977642559966272,100.0,parallel,1
SP,parallel,x_solve:50,x_solve:50,iteration total,0.027953147,13.936952138764706,13.936952138764706,total,0
SP,for,x_solve:50,x_solve:50,x_solve:50,0.027953147,13.936952138764706,100.0,parallel,1
SP,parallel,y_solve:50,y_solve:50,iteration total,0.028621441,14.27015188520555,14.27015188520555,total,0
SP,for,y_solve:50,y_solve:50,y_solve:50,0.028621441,14.27015188520555,100.0,parallel,1
SP,parallel,z_solve:54,z_solve:54,iteration total,0.031487252,15.698995326187182,15.698995326187182,total,0
SP,for,z_solve:54,z_solve:54,z_solve:54,0.031487252,15.698995326187182,100.0,parallel,1
LU,parallel,l2norm:60,l2norm:60,iteration total,0.000844134,0.328686272003362,0.328686272003362,total,0
LU,for,l2norm:60,l2norm:66-76 (nowait),l2norm:60,0.000836194,0.32559461949356294,99.0593910445498,parallel,1
LU,parallel,rhs:59,rhs:59,iteration total,0.076757121,29.88744909125917,29.88744909125917,total,0
LU,for,rhs:59,rhs:65,rhs:59,0.012253314,4.771157302450326,15.963748822731379,parallel,1
LU,for,rhs:59,rhs:89-214 (nowait),rhs:59,0.011997172,4.6714215269887465,15.630044279539876,parallel,1
LU,for,rhs:59,rhs:216,rhs:59,0.02554424,9.946336738905387,33.27930968124769,parallel,1
LU,for,rhs:59,rhs:351-473 (nowait),rhs:59,0.02634521,10.258215946811397,34.32282198286202,parallel,1
LU,parallel,ssor:137,ssor:137,iteration total,0.179166952,69.76347063272573,69.76347063272573,total,0
LU,for,ssor:137,blts:70-207 (nowait),ssor:137,0.029877284,11.633523937604332,16.675666838379883,parallel,1
LU,for,ssor:137,buts:68-207 (nowait),ssor:137,0.035549309,13.842079394391844,19.84144319204582,parallel,1
LU,for,ssor:137,jacld:56-339 (nowait),ssor:137,0.024657816,9.601183718206885,13.76248003593877,parallel,1
LU,for,ssor:137,jacu:56-359 (nowait),ssor:137,0.025568252,9.955686456797741,14.270629552262518,parallel,1
LU,for,ssor:137,ssor:144-163 (nowait),ssor:137,0.003693734,1.4382546588954672,2.061615693501333,parallel,1
LU,for,ssor:137,ssor:229-239 (nowait),ssor:137,0.006522638,2.5397645016637935,3.6405363417691,parallel,1
CG,parallel,main:343,main:343,iteration total,5.4019e-05,0.017482273287514904,0.017482273287514904,total,0
CG,for,main:343,main:343,main:343,5.4019e-05,0.017482273287514904,100.0,parallel,1
CG,parallel,main:362,main:362,iteration total,1.89e-05,0.0061166434982882255,0.0061166434982882255,total,0
CG,for,main:362,main:362,main:362,1.89e-05,0.0061166434982882255,100.0,parallel,1
CG,parallel,conj_grad:443,conj_grad:443,iteration total,0.308848688,99.95329732328301,99.95329732328301,total,0
CG,for,conj_grad:443,conj_grad:450,conj_grad:443,0.00011098,0.035916671716403566,0.03593345360107213,parallel,1
CG,for,conj_grad:443,conj_grad:464,conj_grad:443,2.6844e-05,0.008687575559156039,0.008691634785251217,parallel,1
CG,for,conj_grad:443,conj_grad:500,conj_grad:443,0.292953561,94.80912667677423,94.85342576556452,parallel,1
CG,for,conj_grad:443,conj_grad:552,conj_grad:443,0.001103848,0.3572404599099715,0.357407378722619,parallel,1
CG,for,conj_grad:443,conj_grad:568,conj_grad:443,0.001968131,0.6369500362396564,0.6372476479485645,parallel,1
CG,for,conj_grad:443,conj_grad:590,conj_grad:443,0.001293983,0.4187742171346822,0.4189698872866833,parallel,1
CG,for,conj_grad:443,conj_grad:603,conj_grad:443,0.011121402,3.5992408060925754,3.600922533302133,parallel,1
CG,for,conj_grad:443,conj_grad:617-622 (nowait),conj_grad:443,4.6038e-05,0.014899366845195416,0.01490632849960496,parallel,1
MG,parallel,psinv:480,psinv:480,iteration total,0.037292193,22.47809694322911,22.47809694322911,total,0
MG,for,psinv:480,psinv:480,psinv:480,0.037292193,22.47809694322911,100.0,parallel,1
MG,parallel,resid:545,resid:545,iteration total,0.087335639,52.642089459337,52.642089459337,total,0
MG,for,resid:545,resid:545,resid:545,0.087335639,52.642089459337,100.0,parallel,1
MG,parallel,rprj3:625,rprj3:625,iteration total,0.015779422,9.511142920024097,9.511142920024097,total,0
MG,for,rprj3:625,rprj3:625,rprj3:625,0.015779422,9.511142920024097,100.0,parallel,1
MG,parallel,interp:697,interp:697,iteration total,0.018763791,11.309989549836606,11.309989549836606,total,0
MG,for,interp:697,interp:697,interp:697,0.018763791,11.309989549836606,100.0,parallel,1
MG,parallel,comm3:920,comm3:920,iteration total,0.005060806,3.0504317050723064,3.0504317050723064,total,0
MG,for,comm3:920,comm3:923,comm3:920,0.003538883,2.133083327782452,69.9272605984106,parallel,1
MG,for,comm3:920,comm3:940-947 (nowait),comm3:920,0.000537315,0.3238698957460386,10.61718232234154,parallel,1
MG,parallel,zero3:1297,zero3:1297,iteration total,0.001609642,0.9702215399317812,0.9702215399317812,total,0
MG,for,zero3:1297,zero3:1297,zero3:1297,0.001609642,0.9702215399317812,100.0,parallel,1
FT,parallel,evolve:226,evolve:226,iteration total,0.124074186,19.916205157184073,19.916205157184073,total,0
FT,for,evolve:226,evolve:226,evolve:226,0.124074186,19.916205157184073,100.0,parallel,1
FT,parallel,cffts1:443,cffts1:443,iteration total,0.189716741,30.453051173016398,30.453051173016398,total,0
FT,for,cffts1:443,cffts1:443,cffts1:443,0.189716741,30.453051173016398,99.99999999999999,parallel,1
FT,parallel,cffts2:478,cffts2:478,iteration total,0.150081801,24.090909120094278,24.090909120094278,total,0
FT,for,cffts2:478,cffts2:478,cffts2:478,0.150081801,24.090909120094278,100.0,parallel,1
FT,parallel,cffts3:513,cffts3:513,iteration total,0.158813318,25.492479337975382,25.492479337975382,total,0
FT,for,cffts3:513,cffts3:513,cffts3:513,0.158813318,25.492479337975382,100.0,parallel,1
FT,parallel,checksum:678,checksum:678,iteration total,0.000258576,0.041506237765880076,0.041506237765880076,total,0
FT,for,checksum:678,checksum:683-690 (nowait),checksum:678,4.9625e-05,0.007965731735086778,19.19164965039292,parallel,1
EP,parallel,main:173,main:173,iteration total,8.931336211,99.99999673061248,99.99999673061248,total,0
EP,for,main:173,main:180-227 (nowait),main:173,8.511058218,95.29434049586162,95.294343611403,parallel,1
IS,parallel,rank:630,rank:630,iteration total,0.213852136,99.99879871710094,99.99879871710094,total,0
IS,for,rank:630,rank:654,rank:630,0.038144737,17.836753696861614,17.83696796930754,parallel,1
IS,for,rank:630,rank:676,rank:630,0.140113764,65.51820498875627,65.51899205720349,parallel,1
IS,for,rank:630,rank:702,rank:630,0.035381022,16.544420661682427,16.544619409366106,parallel,1
UA,parallel,adaptation:113,adaptation:113,iteration total,2.219e-06,0.0003316944592616998,0.0003316944592616998,total,0
UA,for,adaptation:113,adaptation:113,adaptation:113,2.219e-06,0.0003316944592616998,100.0,parallel,1
UA,parallel,adaptation:151,adaptation:151,iteration total,1.879e-05,0.0028087151372362955,0.0028087151372362955,total,0
UA,for,adaptation:151,adaptation:151,adaptation:151,1.879e-05,0.0028087151372362955,100.0,parallel,1
UA,parallel,do_coarsen:192,do_coarsen:192,iteration total,1.1335e-05,0.0016943473166883137,0.0016943473166883137,total,0
UA,for,do_coarsen:192,do_coarsen:195-204 (nowait),do_coarsen:192,3.245e-06,0.00048506017138540597,28.628142920158798,parallel,1
UA,parallel,do_coarsen:211,do_coarsen:211,iteration total,0.000120721,0.01804528473029818,0.01804528473029818,total,0
UA,for,do_coarsen:211,do_coarsen:211,do_coarsen:211,0.000120721,0.01804528473029818,100.0,parallel,1
UA,parallel,do_coarsen:296,do_coarsen:296,iteration total,1.4604e-05,0.0021829949901117007,0.0021829949901117007,total,0
UA,for,do_coarsen:296,do_coarsen:296,do_coarsen:296,1.4604e-05,0.0021829949901117007,100.0,parallel,1
UA,parallel,do_coarsen:313,do_coarsen:313,iteration total,0.000112243,0.01677799963538124,0.01677799963538124,total,0
UA,for,do_coarsen:313,do_coarsen:313,do_coarsen:313,0.000112243,0.01677799963538124,100.0,parallel,1
UA,parallel,do_refine:352,do_refine:352,iteration total,9.403e-06,0.0014055534026308082,0.0014055534026308082,total,0
UA,for,do_refine:352,do_refine:352,do_refine:352,9.403e-06,0.0014055534026308082,100.0,parallel,1
UA,parallel,do_refine:374,do_refine:374,iteration total,3.89e-06,0.000581474288656157,0.000581474288656157,total,0
UA,for,do_refine:374,do_refine:374,do_refine:374,3.89e-06,0.000581474288656157,100.0,parallel,1
UA,parallel,do_refine:387,do_refine:387,iteration total,6.85e-06,0.0010239328733405333,0.0010239328733405333,total,0
UA,for,do_refine:387,do_refine:387,do_refine:387,6.85e-06,0.0010239328733405333,100.0,parallel,1
UA,parallel,do_refine:416,do_refine:416,iteration total,0.000319818,0.04780615528263105,0.04780615528263105,total,0
UA,for,do_refine:416,do_refine:416,do_refine:416,0.000319818,0.04780615528263105,100.0,parallel,1
UA,parallel,find_coarsen:758,find_coarsen:758,iteration total,7.3356e-05,0.010965199979090243,0.010965199979090243,total,0
UA,for,find_coarsen:758,find_coarsen:758,find_coarsen:758,7.3356e-05,0.010965199979090243,100.0,parallel,1
UA,parallel,find_refine:794,find_refine:794,iteration total,0.000105556,0.015778431880048665,0.015778431880048665,total,0
UA,for,find_refine:794,find_refine:794,find_refine:794,0.000105556,0.015778431880048665,100.0,parallel,1
UA,parallel,check_refine:821,check_refine:821,iteration total,1.9193e-05,0.0028689552756240673,0.0028689552756240673,total,0
UA,for,check_refine:821,check_refine:821,check_refine:821,1.9193e-05,0.0028689552756240673,100.0,parallel,1
UA,parallel,convect:72,convect:72,iteration total,0.074238345,11.097092249327858,11.097092249327858,total,0
UA,for,convect:72,convect:72,convect:72,0.074238345,11.097092249327858,100.0,parallel,1
UA,parallel,convect:249,convect:249,iteration total,0.000732711,0.10952509190630887,0.10952509190630887,total,0
UA,for,convect:249,convect:249,convect:249,0.000732711,0.10952509190630887,100.0,parallel,1
UA,parallel,diffusion:57,diffusion:57,iteration total,0.000430883,0.06440806835964805,0.06440806835964805,total,0
UA,for,diffusion:57,diffusion:57,diffusion:57,0.000430883,0.06440806835964805,100.0,parallel,1
UA,parallel,diffusion:70,diffusion:70,iteration total,0.0058543,0.8750963825397788,0.8750963825397788,total,0
UA,for,diffusion:70,diffusion:73-91 (nowait),diffusion:70,0.005397478,0.8068109718733308,92.196812599286,parallel,1
UA,parallel,diffusion:102,diffusion:102,iteration total,0.049169295,7.349789417442092,7.349789417442092,total,0
UA,for,diffusion:102,diffusion:108-126 (nowait),diffusion:102,0.041500287,6.203431841221429,84.40285141367188,parallel,1
UA,parallel,diffusion:147,diffusion:147,iteration total,0.058138371,8.69048018530919,8.69048018530919,total,0
UA,for,diffusion:147,diffusion:147,diffusion:147,0.058138371,8.69048018530919,100.0,parallel,1
UA,parallel,diffusion:161,diffusion:161,iteration total,0.000974293,0.14563658846212676,0.14563658846212676,total,0
UA,for,diffusion:161,diffusion:161,diffusion:161,0.000974293,0.14563658846212676,100.0,parallel,1
UA,parallel,diffusion:174,diffusion:174,iteration total,0.036063284,5.3907127019292975,5.3907127019292975,total,0
UA,for,diffusion:174,diffusion:178-195 (nowait),diffusion:174,0.030502007,4.559417178125995,84.57911653303675,parallel,1
UA,parallel,mortar:82,mortar:82,iteration total,5.945e-05,0.008886541506583169,0.008886541506583169,total,0
UA,for,mortar:82,mortar:82,mortar:82,5.945e-05,0.008886541506583169,100.0,parallel,1
UA,parallel,mortar:754,mortar:754,iteration total,3.865e-06,0.000577737307366593,0.000577737307366593,total,0
UA,for,mortar:754,mortar:754,mortar:754,3.865e-06,0.000577737307366593,100.0,parallel,1
UA,parallel,mortar:768,mortar:768,iteration total,0.000519054,0.07758780345093391,0.07758780345093391,total,0
UA,for,mortar:768,mortar:768,mortar:768,0.000519054,0.07758780345093391,100.0,parallel,1
UA,parallel,mortar:817,mortar:817,iteration total,5.4474e-05,0.008142732750708353,0.008142732750708353,total,0
UA,for,mortar:817,mortar:817,mortar:817,5.4474e-05,0.008142732750708353,100.0,parallel,1
UA,parallel,mortar:1362,mortar:1362,iteration total,2.136e-06,0.00031928768138034735,0.00031928768138034735,total,0
UA,for,mortar:1362,mortar:1362,mortar:1362,2.136e-06,0.00031928768138034735,100.0,parallel,1
UA,parallel,mortar:1377,mortar:1377,iteration total,0.000274057,0.04096583525096155,0.04096583525096155,total,0
UA,for,mortar:1377,mortar:1377,mortar:1377,0.000274057,0.04096583525096155,100.0,parallel,1
UA,parallel,mortar:1497,mortar:1497,iteration total,0.000128023,0.019136782225354032,0.019136782225354032,total,0
UA,for,mortar:1497,mortar:1497,mortar:1497,0.000128023,0.019136782225354032,100.0,parallel,1
UA,parallel,move:51,move:51,iteration total,0.000996275,0.1489224413704146,0.1489224413704146,total,0
UA,for,move:51,move:55,move:51,0.000525072,0.07848736958695776,52.70352061428822,parallel,1
UA,for,move:51,move:106,move:51,0.000455547,0.06809482462068028,45.72502572081001,parallel,1
UA,parallel,setuppc:62,setuppc:62,iteration total,0.00071127,0.10632010727312718,0.10632010727312718,total,0
UA,for,setuppc:62,setuppc:62,setuppc:62,0.00071127,0.10632010727312718,100.0,parallel,1
UA,parallel,setuppc:92,setuppc:92,iteration total,0.000138344,0.02067955758093763,0.02067955758093763,total,0
UA,for,setuppc:92,setuppc:92,setuppc:92,0.000138344,0.02067955758093763,100.0,parallel,1
UA,parallel,setpcmo:448,setpcmo:448,iteration total,2.2617e-05,0.0033807722330427515,0.0033807722330427515,total,0
UA,for,setpcmo:448,setpcmo:451-455 (nowait),setpcmo:448,1.017e-06,0.00015202039885946314,4.496617588539594,parallel,1
UA,for,setpcmo:448,setpcmo:458,setpcmo:448,1.4863e-05,0.002221710116271584,65.71605429544148,parallel,1
UA,parallel,setpcmo:471,setpcmo:471,iteration total,0.000181546,0.02713736020780737,0.02713736020780737,total,0
UA,for,setpcmo:471,setpcmo:471,setpcmo:471,0.000181546,0.02713736020780737,99.99999999999999,parallel,1
UA,parallel,prepwork:318,prepwork:318,iteration total,0.000374543,0.05598640732548664,0.05598640732548664,total,0
UA,for,prepwork:318,prepwork:323-336 (nowait),prepwork:318,0.000215599,0.032227577161948275,57.56321704050002,parallel,1
UA,for,prepwork:318,prepwork:340,prepwork:318,0.000121143,0.01810836497446602,32.344216818896626,parallel,1
UA,for,prepwork:318,prepwork:347-415 (nowait),prepwork:318,1.1172e-05,0.0016699821986803562,2.982835081686215,parallel,1
UA,parallel,transf:67,transf:67,iteration total,0.059956646,8.962274571480469,8.962274571480469,total,0
UA,for,transf:67,transf:67,transf:67,0.059956646,8.962274571480469,100.0,parallel,1
UA,parallel,transfb:288,transfb:288,iteration total,0.232218501,34.71184773310388,34.71184773310388,total,0
UA,for,transfb:288,transfb:293,transfb:288,0.004873427,0.7284762206022388,2.098638557657385,parallel,1
UA,for,transfb:288,transfb:300-575 (nowait),transfb:288,0.189746985,28.36323730784717,81.71053735292178,parallel,1
UA,parallel,transfb_c:852,transfb_c:852,iteration total,0.014814767,2.2145002835300023,2.2145002835300023,total,0
UA,for,transfb_c:852,transfb_c:856,transfb_c:852,0.000318467,0.04760420881374302,2.1496591880250295,parallel,1
UA,for,transfb_c:852,transfb_c:863-949 (nowait),transfb_c:852,0.012576693,1.8799546570236165,84.89295174200174,parallel,1
UA,parallel,transfb_c_2:967,transfb_c_2:967,iteration total,0.003412984,0.5101702939832508,0.5101702939832508,total,0
UA,for,transfb_c_2:967,transfb_c_2:972-976 (nowait),transfb_c_2:967,5.3736e-05,0.008032417063040425,1.574458010937057,parallel,1
UA,for,transfb_c_2:967,transfb_c_2:978,transfb_c_2:967,9.7973e-05,0.014644930715298115,2.8705965219877974,parallel,1
UA,for,transfb_c_2:967,transfb_c_2:985-1081 (nowait),transfb_c_2:967,0.002107219,0.3149855190405497,61.741250471727966,parallel,1
UA,parallel,main:354,main:354,iteration total,0.007786859,1.1639738554989187,1.1639738554989187,total,0
UA,for,main:354,main:357,main:354,0.005605985,0.8379784421830556,71.99289212762167,parallel,1
UA,for,main:354,main:365,main:354,0.002134673,0.31908932241349736,27.41378776731414,parallel,1
UA,parallel,main:387,main:387,iteration total,0.00011286,0.01687022833360768,0.01687022833360768,total,0
UA,for,main:387,main:387,main:387,0.00011286,0.01687022833360768,100.00000000000001,parallel,1
UA,parallel,reciprocal:45,reciprocal:45,iteration total,0.000358334,0.05356349813658492,0.05356349813658492,total,0
UA,for,reciprocal:45,reciprocal:45,reciprocal:45,0.000358334,0.05356349813658492,99.99999999999999,parallel,1
UA,parallel,r_init_omp:61,r_init_omp:61,iteration total,0.00108324,0.1619219044842919,0.1619219044842919,total,0
UA,for,r_init_omp:61,r_init_omp:61,r_init_omp:61,0.00108324,0.1619219044842919,100.0,parallel,1
UA,parallel,nr_init_omp:90,nr_init_omp:90,iteration total,0.000802206,0.11991315249503884,0.11991315249503884,total,0
UA,for,nr_init_omp:90,nr_init_omp:90,nr_init_omp:90,0.000802206,0.11991315249503884,100.00000000000001,parallel,1
UA,parallel,l_init_omp:119,l_init_omp:119,iteration total,0.00012254,0.01831718748892686,0.01831718748892686,total,0
UA,for,l_init_omp:119,l_init_omp:119,l_init_omp:119,0.00012254,0.01831718748892686,100.0,parallel,1
UA,parallel,adds2m1:173,adds2m1:173,iteration total,0.062930212,9.406760991691813,9.406760991691813,total,0
UA,for,adds2m1:173,adds2m1:173,adds2m1:173,0.062930212,9.406760991691813,100.0,parallel,1
UA,parallel,adds1m1:188,adds1m1:188,iteration total,0.024807282,3.7081739471575035,3.7081739471575035,total,0
UA,for,adds1m1:188,adds1m1:188,adds1m1:188,0.024807282,3.7081739471575035,100.0,parallel,1
UA,parallel,col2:204,col2:204,iteration total,0.027686922,4.1386203791847045,4.1386203791847045,total,0
UA,for,col2:204,col2:204,col2:204,0.027686922,4.1386203791847045,100.0,parallel,1
UA,parallel,add2:232,add2:232,iteration total,0.002228545,0.3331212387180554,0.3331212387180554,total,0
UA,for,add2:232,add2:232,add2:232,0.002228545,0.3331212387180554,100.0,parallel,1
UA,parallel,parallel_add:291,parallel_add:291,iteration total,0.000332436,0.049692284479099805,0.049692284479099805,total,0
UA,for,parallel_add:291,parallel_add:291,parallel_add:291,0.000332436,0.049692284479099805,100.00000000000001,parallel,1
UA,parallel,parallel_add:305,parallel_add:305,iteration total,0.000126611,0.018925717522119457,0.018925717522119457,total,0
UA,for,parallel_add:305,parallel_add:305,parallel_add:305,0.000126611,0.018925717522119457,100.0,parallel,1
